Strategy,Final Value ($),Total Return (%),Annualized Return (%),Advantage vs Buy & Hold ($)
Buy & Hold,26769.69557518099,167.6969557518099,14.030000000000001,0.0
Walk-Forward,19778.837548531457,97.78837548531459,9.520000000000001,-6990.858026649534
ML (Lasso),30874.96921725178,208.74969217251777,16.220000000000002,4105.273642070788
