Metric,Gross (No Costs),Net (0.1% per trade),Cost Impact
CAGR (%),17.84616827627796,16.216168276277962,1.629999999999999
Sharpe Ratio,0.6564140607019089,0.5964140607019088,0.06000000000000005
Total Return (%),242.66204014589854,208.6733552621603,33.988684883738244
