Method,CAGR (%),Sharpe Ratio,Max Drawdown (%),Volatility (%),Total Trades
Buy & Hold,14.02947706457077,0.3925893448137057,-67.24917790271034,31.8,0
Best Biased,11.647059264860316,0.4296964402604192,-47.21677502915408,24.2,845
Walk-Forward,9.52436112740241,0.3508338710633381,-47.36031800659152,22.1,687
ML (Lasso),16.216168276277962,0.5964140607019088,-45.32705725312224,24.3,1860
