Metric,Gross (No Costs),Net (0.1% per trade),Cost Impact
CAGR (%),17.84617344625466,16.21617344625466,1.629999999999999
Sharpe Ratio,0.6564142471371397,0.5964142471371398,0.05999999999999994
Total Return (%),242.6621528917162,208.67345824918263,33.988694642533574
