Method,CAGR (%),Sharpe Ratio,Max Drawdown (%),Volatility (%),Total Trades
Buy & Hold,14.029477714864537,0.3925893700727672,-67.24917684509758,31.8,0
Best Biased,11.639748362402841,0.42925550668132134,-47.21681007453895,24.2,845
Walk-Forward,9.524363515830117,0.3508339680174727,-47.360317484522795,22.1,687
ML (Lasso),16.21617344625466,0.5964142471371398,-45.327059126006155,24.3,1860
